code,name,reportSignal,newsSignal,riskMemo,reportScore,reportGrade,latestReportTitle,latestReportProvider,latestReportDate
005930,삼성전자,리포트 중립: 최근 공개 리포트 확인 필요,뉴스 긍정: 긍정 6 / 부정 0 / 중립 2 / 점수 100 / 대표뉴스: 삼전 ‘역대급 배당’ 막차에도 주가 하락…자사주 실탄도 곧 소진 - 미주중앙일보,뉴스 리스크 특이사항 제한적 / 리포트 데이터 미확인: 뉴스·수급·차트 신호와 함께 검토,50,neutral,최근 공개 리포트 확인 필요,-,-
247540,에코프로비엠,리포트 중립: 최근 공개 리포트 확인 필요,"뉴스 긍정: 긍정 2 / 부정 0 / 중립 6 / 점수 71 / 대표뉴스: 에코프로비엠, 증자 실탄 3000억 줄자 해외 자원에 올인 - 리드경제",뉴스 리스크 특이사항 제한적 / 리포트 데이터 미확인: 뉴스·수급·차트 신호와 함께 검토,50,neutral,최근 공개 리포트 확인 필요,-,-
039030,이오테크닉스,리포트 중립: 최근 공개 리포트 확인 필요,"뉴스 긍정: 긍정 3 / 부정 1 / 중립 4 / 점수 76 / 대표뉴스: 이오테크닉스 ""올해 사상 최대 실적 전망"" - 지디넷코리아",부정 키워드 확인 필요 / 리포트 데이터 미확인: 뉴스·수급·차트 신호와 함께 검토,50,neutral,최근 공개 리포트 확인 필요,-,-
272210,한화시스템,리포트 중립: 최근 공개 리포트 확인 필요,"뉴스 긍정: 긍정 6 / 부정 2 / 중립 0 / 점수 100 / 대표뉴스: 한화시스템, 필리조선소 지분 정리... 美 사업 에어로 중심 재편 - chosun.com",부정 키워드 확인 필요 / 리포트 데이터 미확인: 뉴스·수급·차트 신호와 함께 검토,50,neutral,최근 공개 리포트 확인 필요,-,-
058470,리노공업,리포트 중립: 최근 공개 리포트 확인 필요,"뉴스 부정/주의: 긍정 2 / 부정 4 / 중립 2 / 점수 24 / 대표뉴스: 리노공업 주가, 9월 28일 애프터마켓 71,400원 3.90% 하락 - 톱스타뉴스",부정 키워드 확인 필요 / 리포트 데이터 미확인: 뉴스·수급·차트 신호와 함께 검토,50,neutral,최근 공개 리포트 확인 필요,-,-
105560,KB금융,리포트 중립: 최근 공개 리포트 확인 필요,"뉴스 중립: 긍정 1 / 부정 2 / 중립 5 / 점수 45 / 대표뉴스: 하나證 “KB금융, 실적·금리 모멘텀 부각”…목표가 23만5000원 유지 - 뉴시안",부정 키워드 확인 필요 / 리포트 데이터 미확인: 뉴스·수급·차트 신호와 함께 검토,50,neutral,최근 공개 리포트 확인 필요,-,-
373220,LG에너지솔루션,리포트 중립: 최근 공개 리포트 확인 필요,"뉴스 중립: 긍정 1 / 부정 2 / 중립 5 / 점수 44 / 대표뉴스: LG·삼성, ‘캐즘 악몽’ 벗고 배터리 반등 하나…“ESS 시장 급 부상, 흑자기조 굳힌다” - CEO스코어데일리",부정 키워드 확인 필요 / 리포트 데이터 미확인: 뉴스·수급·차트 신호와 함께 검토,50,neutral,최근 공개 리포트 확인 필요,-,-
010120,LS ELECTRIC,리포트 중립: 최근 공개 리포트 확인 필요,"뉴스 중립: 긍정 2 / 부정 2 / 중립 4 / 점수 46 / 대표뉴스: LS ELECTRIC, 데이터센터 패키지 솔루션으로 아세안 시장 정조준 - 인포스탁데일리",부정 키워드 확인 필요 / 리포트 데이터 미확인: 뉴스·수급·차트 신호와 함께 검토,50,neutral,최근 공개 리포트 확인 필요,-,-
000660,SK하이닉스,리포트 중립: 최근 공개 리포트 확인 필요,뉴스 부정/주의: 긍정 1 / 부정 5 / 중립 2 / 점수 19 / 대표뉴스: ‘국장’만 고금리 타격…SK하이닉스 원주-ADR 괴리율 40% 육박 - 한겨레,부정 키워드 확인 필요 / 리포트 데이터 미확인: 뉴스·수급·차트 신호와 함께 검토,50,neutral,최근 공개 리포트 확인 필요,-,-
079550,LIG넥스원,리포트 중립: 최근 공개 리포트 확인 필요,뉴스 긍정: 긍정 5 / 부정 1 / 중립 2 / 점수 81 / 대표뉴스: “베트남선 19년간 전쟁” 트럼프 외침에도…LIG넥스원 목표가 하향 왜 [오늘 나온 보고서] - 매일경제 마켓,부정 키워드 확인 필요 / 리포트 데이터 미확인: 뉴스·수급·차트 신호와 함께 검토,50,neutral,최근 공개 리포트 확인 필요,-,-
034020,두산에너빌리티,리포트 중립: 최근 공개 리포트 확인 필요,"뉴스 긍정: 긍정 5 / 부정 0 / 중립 3 / 점수 100 / 대표뉴스: [리포트 브리핑]두산에너빌리티, '미국 원전건설 확대 가시화로 수주 모멘텀 가속화' Not Rated - iM증권 - 뉴스핌",뉴스 리스크 특이사항 제한적 / 리포트 데이터 미확인: 뉴스·수급·차트 신호와 함께 검토,50,neutral,최근 공개 리포트 확인 필요,-,-
086520,에코프로,리포트 중립: 최근 공개 리포트 확인 필요,뉴스 중립: 긍정 0 / 부정 0 / 중립 8 / 점수 50 / 대표뉴스: ‘미공개 정보로 주식 매매’ 에코프로HN 전 대표 징역 1년6개월 확정 - 경향신문,뉴스 리스크 특이사항 제한적 / 리포트 데이터 미확인: 뉴스·수급·차트 신호와 함께 검토,50,neutral,최근 공개 리포트 확인 필요,-,-
207940,삼성바이오로직스,리포트 중립: 최근 공개 리포트 확인 필요,"뉴스 중립: 긍정 1 / 부정 1 / 중립 6 / 점수 55 / 대표뉴스: 삼성바이오로직스, BPI서 공정 혁신 기술 공개…전 주기 경쟁력 강화 - 뉴스저널리즘",부정 키워드 확인 필요 / 리포트 데이터 미확인: 뉴스·수급·차트 신호와 함께 검토,50,neutral,최근 공개 리포트 확인 필요,-,-
012450,한화에어로스페이스,리포트 중립: 최근 공개 리포트 확인 필요,"뉴스 긍정: 긍정 3 / 부정 0 / 중립 5 / 점수 92 / 대표뉴스: 한화에어로스페이스 주가, 9월 28일 1,034,000원 1.27% 상승 - 톱스타뉴스",뉴스 리스크 특이사항 제한적 / 리포트 데이터 미확인: 뉴스·수급·차트 신호와 함께 검토,50,neutral,최근 공개 리포트 확인 필요,-,-
047810,한국항공우주,리포트 중립: 최근 공개 리포트 확인 필요,뉴스 긍정: 긍정 5 / 부정 0 / 중립 3 / 점수 97 / 대표뉴스: 한국항공우주 13만원대 상승…KF-21·FA-50 사업에 시선 - 잡포스트,뉴스 리스크 특이사항 제한적 / 리포트 데이터 미확인: 뉴스·수급·차트 신호와 함께 검토,50,neutral,최근 공개 리포트 확인 필요,-,-
005490,POSCO홀딩스,리포트 중립: 최근 공개 리포트 확인 필요,"뉴스 부정/주의: 긍정 3 / 부정 3 / 중립 2 / 점수 35 / 대표뉴스: InvestingPro, POSCO홀딩스 44% 급락 미리 예측한 방법 By Investing.com - kr.investing.com",부정 키워드 확인 필요 / 리포트 데이터 미확인: 뉴스·수급·차트 신호와 함께 검토,50,neutral,최근 공개 리포트 확인 필요,-,-
068270,셀트리온,리포트 중립: 최근 공개 리포트 확인 필요,뉴스 긍정: 긍정 4 / 부정 0 / 중립 4 / 점수 92 / 대표뉴스: 상반기 현금 6887억 벌었다…셀트리온 ‘투자·주주환원’ 선순환 궤도 - v.daum.net,뉴스 리스크 특이사항 제한적 / 리포트 데이터 미확인: 뉴스·수급·차트 신호와 함께 검토,50,neutral,최근 공개 리포트 확인 필요,-,-
196170,알테오젠,리포트 중립: 최근 공개 리포트 확인 필요,"뉴스 긍정: 긍정 3 / 부정 0 / 중립 5 / 점수 78 / 대표뉴스: 알테오젠, 美 특허전 7승·첫 마일스톤 달성…실적 현실화 조건은 - v.daum.net",뉴스 리스크 특이사항 제한적 / 리포트 데이터 미확인: 뉴스·수급·차트 신호와 함께 검토,50,neutral,최근 공개 리포트 확인 필요,-,-
277810,레인보우로보틱스,리포트 중립: 최근 공개 리포트 확인 필요,"뉴스 중립: 긍정 3 / 부정 2 / 중립 3 / 점수 58 / 대표뉴스: 레인보우로보틱스 주가, 9월 28일 장중 424,000원 2.08% 하락 - 중앙이코노미뉴스",부정 키워드 확인 필요 / 리포트 데이터 미확인: 뉴스·수급·차트 신호와 함께 검토,50,neutral,최근 공개 리포트 확인 필요,-,-
005380,현대차,리포트 중립: 최근 공개 리포트 확인 필요,뉴스 중립: 긍정 4 / 부정 4 / 중립 0 / 점수 63 / 대표뉴스: “78층인데 구조대 오나요?” 55% 빠진 현대차…증권사도 목표가 줄하향 - 매일경제,부정 키워드 확인 필요 / 리포트 데이터 미확인: 뉴스·수급·차트 신호와 함께 검토,50,neutral,최근 공개 리포트 확인 필요,-,-
000270,기아,리포트 중립: 최근 공개 리포트 확인 필요,"뉴스 긍정: 긍정 4 / 부정 1 / 중립 3 / 점수 74 / 대표뉴스: 현대차·기아, 유럽 전기차 시장 회복 수혜…기아 판매 9% 증가-하나증권 - PRESS9",부정 키워드 확인 필요 / 리포트 데이터 미확인: 뉴스·수급·차트 신호와 함께 검토,50,neutral,최근 공개 리포트 확인 필요,-,-
035420,NAVER,리포트 중립: 최근 공개 리포트 확인 필요,"뉴스 중립: 긍정 3 / 부정 2 / 중립 3 / 점수 67 / 대표뉴스: 자이에스앤디 | 동해 AIDC, 4분기 수주·착공 전환 여부가 관건 - 네이버 프리미엄콘텐츠",부정 키워드 확인 필요 / 리포트 데이터 미확인: 뉴스·수급·차트 신호와 함께 검토,50,neutral,최근 공개 리포트 확인 필요,-,-
042660,한화오션,리포트 중립: 최근 공개 리포트 확인 필요,"뉴스 긍정: 긍정 8 / 부정 0 / 중립 0 / 점수 100 / 대표뉴스: 한화오션, LNG 운반선 2척 수주…이달에만 2.9조 성과 - 연합뉴스TV",뉴스 리스크 특이사항 제한적 / 리포트 데이터 미확인: 뉴스·수급·차트 신호와 함께 검토,50,neutral,최근 공개 리포트 확인 필요,-,-
267260,HD현대일렉트릭,리포트 중립: 최근 공개 리포트 확인 필요,"뉴스 긍정: 긍정 5 / 부정 0 / 중립 3 / 점수 100 / 대표뉴스: [AI 대전환 리딩 전략] HD현대일렉, 빅테크와 직거래 트고 퀀텀점프 - 블로터",뉴스 리스크 특이사항 제한적 / 리포트 데이터 미확인: 뉴스·수급·차트 신호와 함께 검토,50,neutral,최근 공개 리포트 확인 필요,-,-
