rank,name,code,score,grade,reason,market,sector,changeRate,entryPrice,stopLoss,targetPrice,strategy,weeklyCloud,dailySignal,rsi,macd,volumeSignal,foreign5D,foreign20D,foreign60D,pension5D,pension20D,pension60D,trust5D,trust20D,trust60D,finance5D,finance20D,finance60D,reportSignal,newsSignal,riskMemo
1,KB금융,105560,88,A,시장 전체 자동선별 TOP 10 / 금융·밸류업 / 20일선 상회 / 52주 고점 근접,KOSPI,금융·밸류업,1.69%,20일선 지지 확인,20일선 이탈,분할 익절,시장 전체 자동선별 후보 / 분할 접근,주봉 추세 확인,일봉 구름대 돌파,RSI 안정권,MACD 상승 우위,거래량 확인,-,-,-,-,-,-,-,-,-,-,-,-,리포트 엔진 연결 예정,뉴스 엔진 연결 예정,시장 전체 자동선별: 이격도·거래량·뉴스 확인 필요
2,한화시스템,272210,88,A,시장 전체 자동선별 TOP 13 / 방산·우주항공 / 20일선 상회 / 거래량 증가,KOSPI,방산·우주항공,4.51%,20일선 지지 확인,20일선 이탈,분할 익절,시장 전체 자동선별 후보 / 분할 접근,주봉 추세 확인,일봉 구름대 돌파,RSI 안정권,MACD 상승 우위,거래량 증가,-,-,-,-,-,-,-,-,-,-,-,-,리포트 엔진 연결 예정,뉴스 엔진 연결 예정,시장 전체 자동선별: 이격도·거래량·뉴스 확인 필요
3,한화에어로스페이스,012450,81,A,시장 전체 자동선별 TOP 12 / 방산·우주항공 / 20일선 상회 / 거래량 증가,KOSPI,방산·우주항공,3.70%,20일선 지지 확인,20일선 이탈,분할 익절,시장 전체 자동선별 후보 / 분할 접근,주봉 추세 확인,일봉 구름대 돌파,RSI 안정권,MACD 확인 필요,거래량 증가,-,-,-,-,-,-,-,-,-,-,-,-,리포트 엔진 연결 예정,뉴스 엔진 연결 예정,시장 전체 자동선별: 이격도·거래량·뉴스 확인 필요
4,두산에너빌리티,034020,81,A,시장 전체 자동선별 TOP 16 / 원전·전력·에너지 / 20일선 상회,KOSPI,원전·전력·에너지,-4.30%,20일선 지지 확인,20일선 이탈,분할 익절,시장 전체 자동선별 후보 / 분할 접근,주봉 추세 확인,일봉 구름대 돌파,RSI 안정권,MACD 상승 우위,거래량 확인,-,-,-,-,-,-,-,-,-,-,-,-,리포트 엔진 연결 예정,뉴스 엔진 연결 예정,시장 전체 자동선별: 이격도·거래량·뉴스 확인 필요
5,이오테크닉스,039030,80,A,시장 전체 자동선별 TOP 23 / 반도체·AI / 20일선 상회,KOSDAQ,반도체·AI,-3.93%,20일선 지지 확인,20일선 이탈,분할 익절,시장 전체 자동선별 후보 / 분할 접근,주봉 추세 확인,일봉 구름대 돌파,RSI 안정권,MACD 상승 우위,거래량 확인,-,-,-,-,-,-,-,-,-,-,-,-,리포트 엔진 연결 예정,뉴스 엔진 연결 예정,시장 전체 자동선별: 이격도·거래량·뉴스 확인 필요
6,LG에너지솔루션,373220,68,C,시장 전체 자동선별 TOP 3 / 2차전지·소재,KOSPI,2차전지·소재,-2.36%,20일선 회복 확인,전저점 이탈,분할 익절,시장 전체 자동선별 후보 / 분할 접근,주봉 추세 확인,일봉 이평선 확인,RSI 안정권,MACD 확인 필요,거래량 확인,-,-,-,-,-,-,-,-,-,-,-,-,리포트 엔진 연결 예정,뉴스 엔진 연결 예정,시장 전체 자동선별: 이격도·거래량·뉴스 확인 필요
7,한국항공우주,047810,68,C,시장 전체 자동선별 TOP 14 / 방산·우주항공 / 20일선 상회,KOSPI,방산·우주항공,1.38%,20일선 지지 확인,20일선 이탈,분할 익절,시장 전체 자동선별 후보 / 분할 접근,주봉 추세 확인,일봉 이평선 확인,RSI 안정권,MACD 상승 우위,거래량 확인,-,-,-,-,-,-,-,-,-,-,-,-,리포트 엔진 연결 예정,뉴스 엔진 연결 예정,시장 전체 자동선별: 이격도·거래량·뉴스 확인 필요
8,POSCO홀딩스,005490,66,C,시장 전체 자동선별 TOP 8 / 2차전지·소재,KOSPI,2차전지·소재,-2.84%,20일선 회복 확인,전저점 이탈,분할 익절,시장 전체 자동선별 후보 / 분할 접근,주봉 추세 확인,일봉 이평선 확인,RSI 안정권,MACD 확인 필요,거래량 확인,-,-,-,-,-,-,-,-,-,-,-,-,리포트 엔진 연결 예정,뉴스 엔진 연결 예정,시장 전체 자동선별: 이격도·거래량·뉴스 확인 필요
9,SK하이닉스,000660,64,C,시장 전체 자동선별 TOP 2 / 반도체·AI,KOSPI,반도체·AI,-6.35%,20일선 회복 확인,전저점 이탈,분할 익절,시장 전체 자동선별 후보 / 분할 접근,주봉 추세 확인,일봉 이평선 확인,RSI 안정권,MACD 상승 우위,거래량 확인,-,-,-,-,-,-,-,-,-,-,-,-,리포트 엔진 연결 예정,뉴스 엔진 연결 예정,시장 전체 자동선별: 이격도·거래량·뉴스 확인 필요
10,LIG넥스원,079550,61,C,시장 전체 자동선별 TOP 15 / 방산·우주항공,KOSPI,방산·우주항공,3.24%,20일선 회복 확인,전저점 이탈,분할 익절,시장 전체 자동선별 후보 / 분할 접근,주봉 추세 확인,일봉 이평선 확인,RSI 안정권,MACD 상승 우위,거래량 확인,-,-,-,-,-,-,-,-,-,-,-,-,리포트 엔진 연결 예정,뉴스 엔진 연결 예정,시장 전체 자동선별: 이격도·거래량·뉴스 확인 필요
11,삼성바이오로직스,207940,59,C,시장 전체 자동선별 TOP 4 / 바이오·제약 / 52주 고점 근접,KOSPI,바이오·제약,-0.28%,20일선 회복 확인,전저점 이탈,분할 익절,시장 전체 자동선별 후보 / 분할 접근,주봉 추세 확인,일봉 이평선 확인,RSI 회복 확인,MACD 확인 필요,거래량 확인,-,-,-,-,-,-,-,-,-,-,-,-,리포트 엔진 연결 예정,뉴스 엔진 연결 예정,시장 전체 자동선별: 이격도·거래량·뉴스 확인 필요
12,한화오션,042660,58,C,시장 전체 자동선별 TOP 11 / 조선·해양,KOSPI,조선·해양,0.00%,20일선 회복 확인,전저점 이탈,분할 익절,시장 전체 자동선별 후보 / 분할 접근,주봉 추세 확인,일봉 이평선 확인,RSI 안정권,MACD 상승 우위,거래량 확인,-,-,-,-,-,-,-,-,-,-,-,-,리포트 엔진 연결 예정,뉴스 엔진 연결 예정,시장 전체 자동선별: 이격도·거래량·뉴스 확인 필요
13,HD현대일렉트릭,267260,56,C,시장 전체 자동선별 TOP 17 / 원전·전력·에너지,KOSPI,원전·전력·에너지,-1.87%,20일선 회복 확인,전저점 이탈,분할 익절,시장 전체 자동선별 후보 / 분할 접근,주봉 추세 확인,일봉 이평선 확인,RSI 안정권,MACD 상승 우위,거래량 확인,-,-,-,-,-,-,-,-,-,-,-,-,리포트 엔진 연결 예정,뉴스 엔진 연결 예정,시장 전체 자동선별: 이격도·거래량·뉴스 확인 필요
14,LS ELECTRIC,010120,56,C,시장 전체 자동선별 TOP 18 / 원전·전력·에너지,KOSPI,원전·전력·에너지,-2.64%,20일선 회복 확인,전저점 이탈,분할 익절,시장 전체 자동선별 후보 / 분할 접근,주봉 추세 확인,일봉 이평선 확인,RSI 안정권,MACD 상승 우위,거래량 확인,-,-,-,-,-,-,-,-,-,-,-,-,리포트 엔진 연결 예정,뉴스 엔진 연결 예정,시장 전체 자동선별: 이격도·거래량·뉴스 확인 필요
15,삼성전자,005930,54,C,시장 전체 자동선별 TOP 1 / 반도체·AI,KOSPI,반도체·AI,-4.05%,20일선 회복 확인,전저점 이탈,분할 익절,시장 전체 자동선별 후보 / 분할 접근,주봉 추세 확인,일봉 이평선 확인,RSI 회복 확인,MACD 확인 필요,거래량 확인,-,-,-,-,-,-,-,-,-,-,-,-,리포트 엔진 연결 예정,뉴스 엔진 연결 예정,시장 전체 자동선별: 이격도·거래량·뉴스 확인 필요
16,셀트리온,068270,53,C,시장 전체 자동선별 TOP 7 / 바이오·제약,KOSPI,바이오·제약,0.00%,20일선 회복 확인,전저점 이탈,분할 익절,시장 전체 자동선별 후보 / 분할 접근,주봉 추세 확인,일봉 이평선 확인,RSI 회복 확인,MACD 확인 필요,거래량 확인,-,-,-,-,-,-,-,-,-,-,-,-,리포트 엔진 연결 예정,뉴스 엔진 연결 예정,시장 전체 자동선별: 이격도·거래량·뉴스 확인 필요
17,NAVER,035420,53,C,시장 전체 자동선별 TOP 9 / 인터넷·게임·콘텐츠,KOSPI,인터넷·게임·콘텐츠,-1.21%,20일선 회복 확인,전저점 이탈,분할 익절,시장 전체 자동선별 후보 / 분할 접근,주봉 추세 확인,일봉 이평선 확인,RSI 회복 확인,MACD 확인 필요,거래량 확인,-,-,-,-,-,-,-,-,-,-,-,-,리포트 엔진 연결 예정,뉴스 엔진 연결 예정,시장 전체 자동선별: 이격도·거래량·뉴스 확인 필요
18,현대차,005380,50,C,시장 전체 자동선별 TOP 5 / 자동차·모빌리티,KOSPI,자동차·모빌리티,-3.27%,20일선 회복 확인,전저점 이탈,분할 익절,시장 전체 자동선별 후보 / 분할 접근,주봉 추세 확인,일봉 이평선 확인,RSI 회복 확인,MACD 확인 필요,거래량 확인,-,-,-,-,-,-,-,-,-,-,-,-,리포트 엔진 연결 예정,뉴스 엔진 연결 예정,시장 전체 자동선별: 이격도·거래량·뉴스 확인 필요
19,리노공업,058470,50,C,시장 전체 자동선별 TOP 24 / 반도체·AI,KOSDAQ,반도체·AI,-2.11%,20일선 회복 확인,전저점 이탈,분할 익절,시장 전체 자동선별 후보 / 분할 접근,주봉 추세 확인,일봉 이평선 확인,RSI 회복 확인,MACD 상승 우위,거래량 확인,-,-,-,-,-,-,-,-,-,-,-,-,리포트 엔진 연결 예정,뉴스 엔진 연결 예정,시장 전체 자동선별: 이격도·거래량·뉴스 확인 필요
20,기아,000270,48,C,시장 전체 자동선별 TOP 6 / 자동차·모빌리티,KOSPI,자동차·모빌리티,-2.05%,20일선 회복 확인,전저점 이탈,분할 익절,시장 전체 자동선별 후보 / 분할 접근,주봉 추세 확인,일봉 이평선 확인,RSI 회복 확인,MACD 확인 필요,거래량 확인,-,-,-,-,-,-,-,-,-,-,-,-,리포트 엔진 연결 예정,뉴스 엔진 연결 예정,시장 전체 자동선별: 이격도·거래량·뉴스 확인 필요
21,에코프로비엠,247540,46,C,시장 전체 자동선별 TOP 19 / 2차전지·소재,KOSDAQ,2차전지·소재,-5.80%,20일선 회복 확인,전저점 이탈,분할 익절,시장 전체 자동선별 후보 / 분할 접근,주봉 추세 확인,일봉 이평선 확인,RSI 회복 확인,MACD 확인 필요,거래량 확인,-,-,-,-,-,-,-,-,-,-,-,-,리포트 엔진 연결 예정,뉴스 엔진 연결 예정,시장 전체 자동선별: 이격도·거래량·뉴스 확인 필요
22,에코프로,086520,46,C,시장 전체 자동선별 TOP 20 / 2차전지·소재,KOSDAQ,2차전지·소재,-4.27%,20일선 회복 확인,전저점 이탈,분할 익절,시장 전체 자동선별 후보 / 분할 접근,주봉 추세 확인,일봉 이평선 확인,RSI 회복 확인,MACD 확인 필요,거래량 확인,-,-,-,-,-,-,-,-,-,-,-,-,리포트 엔진 연결 예정,뉴스 엔진 연결 예정,시장 전체 자동선별: 이격도·거래량·뉴스 확인 필요
23,알테오젠,196170,46,C,시장 전체 자동선별 TOP 21 / 바이오·제약,KOSDAQ,바이오·제약,-3.36%,20일선 회복 확인,전저점 이탈,분할 익절,시장 전체 자동선별 후보 / 분할 접근,주봉 추세 확인,일봉 이평선 확인,RSI 회복 확인,MACD 확인 필요,거래량 확인,-,-,-,-,-,-,-,-,-,-,-,-,리포트 엔진 연결 예정,뉴스 엔진 연결 예정,시장 전체 자동선별: 이격도·거래량·뉴스 확인 필요
24,레인보우로보틱스,277810,46,C,시장 전체 자동선별 TOP 22 / 로봇·자동화,KOSDAQ,로봇·자동화,-3.78%,20일선 회복 확인,전저점 이탈,분할 익절,시장 전체 자동선별 후보 / 분할 접근,주봉 추세 확인,일봉 이평선 확인,RSI 회복 확인,MACD 확인 필요,거래량 확인,-,-,-,-,-,-,-,-,-,-,-,-,리포트 엔진 연결 예정,뉴스 엔진 연결 예정,시장 전체 자동선별: 이격도·거래량·뉴스 확인 필요
