code,name,foreign5D,foreign20D,foreign60D,pension5D,pension20D,pension60D,trust5D,trust20D,trust60D,finance5D,finance20D,finance60D,supplyMemo
105560,KB금융,-534136,-579096,-2990100,0,0,0,0,0,0,694362,530252,4154676,기관 순매수 우위 / 외국인 혼조 (네이버 외국인·기관 집계 기반)
066570,LG전자,-168094,1096388,1493574,0,0,0,0,0,0,129130,404833,1382757,외국인·기관 20일 동반 순매수 (네이버 외국인·기관 집계 기반)
108490,로보티즈,195222,59434,-148174,0,0,0,0,0,0,137832,3494,37382,외국인·기관 20일 동반 순매수 (네이버 외국인·기관 집계 기반)
055550,신한지주,-955458,-1650263,-1206953,0,0,0,0,0,0,1395292,2491013,3994488,기관 순매수 우위 / 외국인 혼조 (네이버 외국인·기관 집계 기반)
096770,SK이노베이션,286921,816439,1064710,0,0,0,0,0,0,1000323,1162050,4074692,외국인·기관 20일 동반 순매수 (네이버 외국인·기관 집계 기반)
086790,하나금융지주,-562052,-848029,-1180533,0,0,0,0,0,0,687594,1196587,2918836,기관 순매수 우위 / 외국인 혼조 (네이버 외국인·기관 집계 기반)
316140,우리금융지주,12268376,11241905,14222775,0,0,0,0,0,0,2021452,3765612,7765953,외국인·기관 20일 동반 순매수 (네이버 외국인·기관 집계 기반)
034020,두산에너빌리티,-1172302,-3867401,-4668557,0,0,0,0,0,0,1056806,3839235,5347609,기관 순매수 우위 / 외국인 혼조 (네이버 외국인·기관 집계 기반)
475630,TIGER CD1년금리액티브(합성),0,5,148,0,0,0,0,0,0,1271,17816,83964,외국인·기관 20일 동반 순매수 (네이버 외국인·기관 집계 기반)
000720,현대건설,-76317,-1277074,-883255,0,0,0,0,0,0,76683,1399860,2040471,기관 순매수 우위 / 외국인 혼조 (네이버 외국인·기관 집계 기반)
000810,삼성화재,-105944,-144204,-166270,0,0,0,0,0,0,98564,152500,217783,기관 순매수 우위 / 외국인 혼조 (네이버 외국인·기관 집계 기반)
036930,주성엔지니어링,573882,926463,-291958,0,0,0,0,0,0,-107055,-197784,689557,외국인 순매수 우위 / 기관 혼조 (네이버 외국인·기관 집계 기반)
006400,삼성SDI,-254823,-607374,-641331,0,0,0,0,0,0,1226,1010866,649638,기관 순매수 우위 / 외국인 혼조 (네이버 외국인·기관 집계 기반)
067290,JW신약,203582,111923,-903733,0,0,0,0,0,0,3009,20913,22765,외국인·기관 20일 동반 순매수 (네이버 외국인·기관 집계 기반)
052690,한전기술,-46294,-652084,-1027154,0,0,0,0,0,0,474,105366,436538,기관 순매수 우위 / 외국인 혼조 (네이버 외국인·기관 집계 기반)
488770,KODEX 머니마켓액티브,-343,9471,-1868,0,0,0,0,0,0,-325496,-1187410,-1227988,외국인 순매수 우위 / 기관 혼조 (네이버 외국인·기관 집계 기반)
039030,이오테크닉스,-107095,-282111,331189,0,0,0,0,0,0,110593,293273,-428825,기관 순매수 우위 / 외국인 혼조 (네이버 외국인·기관 집계 기반)
042700,한미반도체,578742,1042951,2899655,0,0,0,0,0,0,130056,293583,-3362793,외국인·기관 20일 동반 순매수 (네이버 외국인·기관 집계 기반)
035420,NAVER,189469,127788,1348943,0,0,0,0,0,0,-123658,602394,2397571,외국인·기관 20일 동반 순매수 (네이버 외국인·기관 집계 기반)
005490,POSCO홀딩스,-132672,-113244,422334,0,0,0,0,0,0,102068,144453,-428099,기관 순매수 우위 / 외국인 혼조 (네이버 외국인·기관 집계 기반)
222800,심텍,324083,1056246,-515275,0,0,0,0,0,0,-731784,-1652159,589241,외국인 순매수 우위 / 기관 혼조 (네이버 외국인·기관 집계 기반)
030530,원익홀딩스,195292,-285577,-475895,0,0,0,0,0,0,80386,-275143,760378,외국인·기관 20일 동반 순매도 (네이버 외국인·기관 집계 기반)
004310,현대약품,-135842,-222161,-2205437,0,0,0,0,0,0,491,1936,-29314,기관 순매수 우위 / 외국인 혼조 (네이버 외국인·기관 집계 기반)
078930,GS,301161,-789376,-1774971,0,0,0,0,0,0,-118998,1124361,3073396,기관 순매수 우위 / 외국인 혼조 (네이버 외국인·기관 집계 기반)
010950,S-Oil,3652,-91915,281737,0,0,0,0,0,0,360901,704987,2438823,기관 순매수 우위 / 외국인 혼조 (네이버 외국인·기관 집계 기반)
001820,삼화콘덴서,24897,-312845,-414572,0,0,0,0,0,0,162255,362155,521205,기관 순매수 우위 / 외국인 혼조 (네이버 외국인·기관 집계 기반)
373220,LG에너지솔루션,45545,-33300,499462,0,0,0,0,0,0,89561,599367,253319,기관 순매수 우위 / 외국인 혼조 (네이버 외국인·기관 집계 기반)
007660,이수페타시스,-33170,-1061771,-4831509,0,0,0,0,0,0,92045,1971198,7023847,기관 순매수 우위 / 외국인 혼조 (네이버 외국인·기관 집계 기반)
005830,DB손해보험,-321624,-655231,-1862435,0,0,0,0,0,0,341237,748590,2050773,기관 순매수 우위 / 외국인 혼조 (네이버 외국인·기관 집계 기반)
403870,HPSP,481945,1928294,268842,0,0,0,0,0,0,215257,2473186,-3100285,외국인·기관 20일 동반 순매수 (네이버 외국인·기관 집계 기반)
003490,대한항공,2833080,5173993,13072854,0,0,0,0,0,0,2502459,4589758,15770769,외국인·기관 20일 동반 순매수 (네이버 외국인·기관 집계 기반)
083650,비에이치아이,-99945,-971989,-1688040,0,0,0,0,0,0,27757,612460,822858,기관 순매수 우위 / 외국인 혼조 (네이버 외국인·기관 집계 기반)
375500,DL이앤씨,-338360,-522508,670369,0,0,0,0,0,0,105104,506692,1030485,기관 순매수 우위 / 외국인 혼조 (네이버 외국인·기관 집계 기반)
003550,LG,-292995,-186946,2610383,0,0,0,0,0,0,5061,293900,-1115905,기관 순매수 우위 / 외국인 혼조 (네이버 외국인·기관 집계 기반)
095340,ISC,-132118,-215454,1454661,0,0,0,0,0,0,168410,422855,-1223877,기관 순매수 우위 / 외국인 혼조 (네이버 외국인·기관 집계 기반)
086280,현대글로비스,7440,160755,1013382,0,0,0,0,0,0,56940,19301,-47737,외국인·기관 20일 동반 순매수 (네이버 외국인·기관 집계 기반)
267250,HD현대,36426,-67842,159643,0,0,0,0,0,0,68302,84586,18957,기관 순매수 우위 / 외국인 혼조 (네이버 외국인·기관 집계 기반)
180640,한진칼,-49013,-52681,-322598,0,0,0,0,0,0,68757,74913,390373,기관 순매수 우위 / 외국인 혼조 (네이버 외국인·기관 집계 기반)
008930,한미사이언스,142099,-26055,-903591,0,0,0,0,0,0,436278,907538,2509337,기관 순매수 우위 / 외국인 혼조 (네이버 외국인·기관 집계 기반)
469830,SOL 초단기채권액티브,-2664,-3258,-3868,0,0,0,0,0,0,-105103,-204096,674460,외국인·기관 20일 동반 순매도 (네이버 외국인·기관 집계 기반)
088350,한화생명,-1944492,5275833,14239652,0,0,0,0,0,0,2517310,5727604,5766655,외국인·기관 20일 동반 순매수 (네이버 외국인·기관 집계 기반)
018260,삼성에스디에스,104094,439288,296140,0,0,0,0,0,0,35590,69724,975420,외국인·기관 20일 동반 순매수 (네이버 외국인·기관 집계 기반)
003670,포스코퓨처엠,-243422,-99810,88870,0,0,0,0,0,0,71906,505514,139109,기관 순매수 우위 / 외국인 혼조 (네이버 외국인·기관 집계 기반)
034730,SK,64123,269101,242886,0,0,0,0,0,0,22640,-77966,159161,외국인 순매수 우위 / 기관 혼조 (네이버 외국인·기관 집계 기반)
000910,TIGER 코리아원자력,-27218,-79911,-94560,0,0,0,0,0,0,74,953,-17506,기관 순매수 우위 / 외국인 혼조 (네이버 외국인·기관 집계 기반)
031980,피에스케이홀딩스,43423,-123199,39052,0,0,0,0,0,0,123861,298614,137626,기관 순매수 우위 / 외국인 혼조 (네이버 외국인·기관 집계 기반)
064400,LG씨엔에스,156203,-224185,-506118,0,0,0,0,0,0,32101,340993,1184535,기관 순매수 우위 / 외국인 혼조 (네이버 외국인·기관 집계 기반)
161890,한국콜마,250648,243847,529929,0,0,0,0,0,0,-211504,70738,867760,외국인·기관 20일 동반 순매수 (네이버 외국인·기관 집계 기반)
388050,지투파워,-56902,-1193433,-942361,0,0,0,0,0,0,1644,44803,-75821,기관 순매수 우위 / 외국인 혼조 (네이버 외국인·기관 집계 기반)
079650,서산,1437,-208813,768114,0,0,0,0,0,0,5450,16875,46401,기관 순매수 우위 / 외국인 혼조 (네이버 외국인·기관 집계 기반)
053260,금강철강,-35787,25014,60225,0,0,0,0,0,0,-149487,-149486,-149487,외국인 순매수 우위 / 기관 혼조 (네이버 외국인·기관 집계 기반)
064290,인텍플러스,-61093,-820321,-281893,0,0,0,0,0,0,421336,1001582,873061,기관 순매수 우위 / 외국인 혼조 (네이버 외국인·기관 집계 기반)
267270,HD건설기계,88169,-25576,-1106936,0,0,0,0,0,0,8473,166026,930276,기관 순매수 우위 / 외국인 혼조 (네이버 외국인·기관 집계 기반)
064550,바이오니아,-193939,-821210,-747818,0,0,0,0,0,0,6784,-2303,7413,외국인·기관 20일 동반 순매도 (네이버 외국인·기관 집계 기반)
004020,현대제철,-668660,-1454758,-1710853,0,0,0,0,0,0,802305,1734863,1097658,기관 순매수 우위 / 외국인 혼조 (네이버 외국인·기관 집계 기반)
192820,코스맥스,53846,46351,-171789,0,0,0,0,0,0,35546,317782,752543,외국인·기관 20일 동반 순매수 (네이버 외국인·기관 집계 기반)
357870,TIGER CD금리투자KIS(합성),-1016,687,1943,0,0,0,0,0,0,-133828,-336901,165975,외국인 순매수 우위 / 기관 혼조 (네이버 외국인·기관 집계 기반)
000430,TIGER 머니마켓액티브,20671,-69864,-299013,0,0,0,0,0,0,-5384,25346,-35001,기관 순매수 우위 / 외국인 혼조 (네이버 외국인·기관 집계 기반)
175330,JB금융지주,-465083,-496961,-1717811,0,0,0,0,0,0,848369,1097710,3416156,기관 순매수 우위 / 외국인 혼조 (네이버 외국인·기관 집계 기반)
161510,PLUS 고배당주,34010,-36704,-50569,0,0,0,0,0,0,-86954,-532851,-1646618,외국인·기관 20일 동반 순매도 (네이버 외국인·기관 집계 기반)
323410,카카오뱅크,-44888,-503469,2984764,0,0,0,0,0,0,395625,687535,-776202,기관 순매수 우위 / 외국인 혼조 (네이버 외국인·기관 집계 기반)
336260,두산퓨얼셀,-602043,-1764978,-4456555,0,0,0,0,0,0,386116,1792236,2224625,기관 순매수 우위 / 외국인 혼조 (네이버 외국인·기관 집계 기반)
010170,대한광통신,-1113910,-1029345,767202,0,0,0,0,0,0,-113257,201177,1148075,기관 순매수 우위 / 외국인 혼조 (네이버 외국인·기관 집계 기반)
028050,삼성E&A,-154660,-414817,-248734,0,0,0,0,0,0,130587,800174,4964595,기관 순매수 우위 / 외국인 혼조 (네이버 외국인·기관 집계 기반)
062040,산일전기,-201230,-419253,-344636,0,0,0,0,0,0,61205,317952,61563,기관 순매수 우위 / 외국인 혼조 (네이버 외국인·기관 집계 기반)
028670,팬오션,193392,-1957673,5636495,0,0,0,0,0,0,909724,3719044,7896506,기관 순매수 우위 / 외국인 혼조 (네이버 외국인·기관 집계 기반)
030200,KT,-12044,-23959,-118434,0,0,0,0,0,0,169727,199538,1532274,기관 순매수 우위 / 외국인 혼조 (네이버 외국인·기관 집계 기반)
449180,KODEX 미국S&P500(H),-3872,-11027,103950,0,0,0,0,0,0,-28352,543428,-407225,기관 순매수 우위 / 외국인 혼조 (네이버 외국인·기관 집계 기반)
012210,삼미금속,16029,-246630,-299,0,0,0,0,0,0,-2038092,-2037772,-2039413,외국인·기관 20일 동반 순매도 (네이버 외국인·기관 집계 기반)
002990,금호건설,-126468,-1801351,-176587,0,0,0,0,0,0,39119,67728,-411979,기관 순매수 우위 / 외국인 혼조 (네이버 외국인·기관 집계 기반)
131290,티에스이,73893,94402,239824,0,0,0,0,0,0,-69717,-65656,-53548,외국인 순매수 우위 / 기관 혼조 (네이버 외국인·기관 집계 기반)
025980,아난티,-1091821,-5637273,-6023322,0,0,0,0,0,0,-197860,-357046,217042,외국인·기관 20일 동반 순매도 (네이버 외국인·기관 집계 기반)
047770,코데즈컴바인,-117132,-713186,-1215513,0,0,0,0,0,0,-300,0,-60,수급 중립 또는 혼조 (네이버 외국인·기관 집계 기반)
003160,디아이,-343904,24010,401606,0,0,0,0,0,0,916500,875702,114844,외국인·기관 20일 동반 순매수 (네이버 외국인·기관 집계 기반)
441270,파인엠텍,-1027170,-1520600,-2384329,0,0,0,0,0,0,489113,64538,-550111,기관 순매수 우위 / 외국인 혼조 (네이버 외국인·기관 집계 기반)
047050,포스코인터내셔널,-689831,-682640,-2128588,0,0,0,0,0,0,17632318,16861055,17970316,기관 순매수 우위 / 외국인 혼조 (네이버 외국인·기관 집계 기반)
466940,TIGER 은행고배당플러스TOP10,33466,21538,-100240,0,0,0,0,0,0,-148098,-119066,1142698,외국인 순매수 우위 / 기관 혼조 (네이버 외국인·기관 집계 기반)
001450,현대해상,-552227,-91181,-366940,0,0,0,0,0,0,666894,2167193,4171877,기관 순매수 우위 / 외국인 혼조 (네이버 외국인·기관 집계 기반)
128940,한미약품,88998,-167402,24464,0,0,0,0,0,0,-92292,172562,274829,기관 순매수 우위 / 외국인 혼조 (네이버 외국인·기관 집계 기반)
033790,피노,-2603581,-4295998,-4575899,0,0,0,0,0,0,1963629,2464211,2165400,기관 순매수 우위 / 외국인 혼조 (네이버 외국인·기관 집계 기반)
